CHR	POS	REF	ALT	SNP	B2_beta	B2_sebeta	B2_pval	B2_all_inv_var_meta_cases	B2_all_inv_var_meta_controls	B2_all_inv_var_meta_effective	B2_all_meta_AF	B2_all_inv_var_het_p	B2_rsid	C2_beta	C2_sebeta	C2_pval	C2_all_inv_var_meta_cases	C2_all_inv_var_meta_controls	C2_all_inv_var_meta_effective	C2_all_meta_AF	C2_all_inv_var_het_p	C2_rsid	all_meta_N	all_inv_var_meta_beta	all_inv_var_meta_sebeta	all_inv_var_meta_p	all_inv_var_het_p
1	155127096	C	T	1:155127096:C:T	2.7662e-01	5.6941e-02	1.186e-06	18771	2652943	16512	8.169e-03	5.4701e-01	rs148063273	1.4785e-01	2.7139e-02	5.102e-08	99305	1954481	87756	7.788e-03	2.5032e-02	rs148063273	2	1.7169e-01	2.4499e-02	2.417e-12	4.121e-02
1	155203736	G	A	1:155203736:G:A	-1.035e-01	1.6868e-02	8.461e-10	23702	2833814	20851	1.06e-01	8.1511e-02	rs67579710	-1.6251e-02	7.4296e-03	2.872e-02	114230	2137166	100892	1.061e-01	2.4992e-02	rs67579710	2	-3.0427e-02	6.7993e-03	7.639e-06	2.205e-06
3	45793925	G	A	3:45793925:G:A	1.6524e-01	2.4683e-02	2.166e-11	19786	2501577	17636	5.074e-02	4.2281e-01	rs73062389	2.064e-01	1.0753e-02	4.161e-82	101083	1812559	89367	4.785e-02	1.1659e-01	rs73062389	2	1.9983e-01	9.8581e-03	2.319e-91	1.263e-01
3	45838989	T	C	3:45838989:T:C	3.9561e-01	1.9124e-02	4.551e-95	23146	2821091	20309	7.601e-02	4.8753e-09	rs35508621	1.0766e-01	8.5999e-03	5.927e-36	113635	2124443	100313	7.610e-02	3.8365e-34	rs35508621	2	1.561e-01	7.8433e-03	3.939e-88	6.496e-43
3	101780431	T	C	3:101780431:T:C	-5.626e-02	1.1592e-02	1.214e-06	23227	2828010	20405	3.388e-01	8.2728e-01	rs17412601	-5.3697e-02	5.0454e-03	1.884e-26	113755	2131362	100447	3.402e-01	6.5043e-01	rs17412601	2	-5.4105e-02	4.6262e-03	1.346e-31	8.393e-01
6	31153455	T	C	6:31153455:T:C	1.2413e-01	1.82e-02	9.09e-12	23791	2821199	20915	8.671e-02	1.9927e-05	rs111837807	4.2287e-02	8.2215e-03	2.697e-07	113679	2124551	100351	8.64e-02	6.0148e-07	rs111837807	2	5.6158e-02	7.4925e-03	6.622e-14	4.165e-05
6	33076153	A	G	6:33076153:A:G	4.8486e-02	1.2689e-02	1.328e-04	23793	2833659	20920	1.884e-01	1.7300e-01	rs2071351	3.1755e-02	5.7917e-03	4.184e-08	114321	2137011	100962	1.924e-01	1.9874e-01	rs2071351	2	3.464e-02	5.2688e-03	4.883e-11	2.303e-01
6	41522644	G	C	6:41522644:G:C	1.8771e-01	2.6104e-02	6.450e-13	20975	2819121	18580	3.671e-02	3.1182e-05	rs41435745	7.2406e-02	1.2087e-02	2.097e-09	111420	2122473	98562	3.972e-02	6.7162e-03	rs41435745	2	9.2763e-02	1.0968e-02	2.735e-17	6.117e-05
9	133273813	C	T	9:133273813:C:T	-1.0495e-01	1.0688e-02	9.363e-23	23988	2834885	21071	6.577e-01	1.2202e-01	rs505922	-9.3162e-02	4.8242e-03	4.311e-83	114516	2138237	101113	6.545e-01	5.8003e-02	rs505922	2	-9.5157e-02	4.3970e-03	7.361e-104	3.148e-01
10	79946568	A	G	10:79946568:A:G	5.8547e-02	1.0534e-02	2.726e-08	23851	2834559	20975	4.257e-01	3.1003e-01	rs721917	2.1722e-02	4.68e-03	3.458e-06	114379	2137911	101017	4.282e-01	6.4072e-02	rs721917	2	2.7792e-02	4.2769e-03	8.126e-11	1.4e-03
11	1219991	G	T	11:1219991:G:T	-1.1116e-01	1.9347e-02	9.155e-09	21019	2543009	18567	1.014e-01	1.9978e-01	rs35705950	-5.6852e-03	8.1477e-03	4.853e-01	107380	1849749	94508	9.963e-02	4.8932e-01	rs35705950	2	-2.1574e-02	7.509e-03	4.065e-03	5.051e-07
11	34507219	C	T	11:34507219:C:T	-8.322e-02	1.1926e-02	2.987e-12	21657	2824232	19246	3.345e-01	5.3878e-03	rs766826	-1.6872e-02	5.0772e-03	8.904e-04	112134	2127584	99277	3.263e-01	3.2065e-02	rs766826	2	-2.7052e-02	4.6715e-03	7.002e-09	3.076e-07
12	112914354	T	C	12:112914354:T:C	7.4825e-02	1.0996e-02	1.014e-11	23988	2834885	21071	6.595e-01	9.9819e-02	rs4767023	2.4871e-02	4.9469e-03	4.969e-07	114516	2138237	101113	6.666e-01	4.4337e-04	rs4767023	2	3.328e-02	4.5114e-03	1.622e-13	3.428e-05
12	112936943	C	T	12:112936943:C:T	7.7151e-02	1.0868e-02	1.26e-12	23988	2834885	21071	6.438e-01	5.3781e-02	rs10774679	2.2428e-02	4.878e-03	4.268e-06	114516	2138237	101113	6.486e-01	1.0596e-04	rs10774679	2	3.1604e-02	4.4503e-03	1.234e-12	4.354e-06
12	132564254	T	C	12:132564254:T:C	-6.1911e-02	1.0825e-02	1.071e-08	23711	2740232	20835	5.181e-01	9.064e-01	rs12809318	-1.6275e-02	4.789e-03	6.776e-04	111826	2124825	98880	5.210e-01	5.8747e-01	rs12809318	2	-2.3745e-02	4.3796e-03	5.902e-08	1.156e-04
16	89196249	G	A	16:89196249:G:A	8.5981e-02	1.5969e-02	7.275e-08	23078	2827265	20281	1.37e-01	7.0013e-01	rs117169628	1.5906e-02	6.9258e-03	2.164e-02	113606	2130617	100323	1.346e-01	6.1721e-01	rs117169628	2	2.7000e-02	6.3539e-03	2.144e-05	5.677e-05
17	45707983	T	C	17:45707983:T:C	-9.3468e-02	1.355e-02	5.278e-12	22348	2544738	19695	1.888e-01	4.8991e-01	rs61667602	-1.4726e-02	6.0025e-03	1.415e-02	108628	1851478	95575	1.771e-01	4.0084e-02	rs61667602	2	-2.7643e-02	5.4881e-03	4.730e-07	1.077e-07
17	49863303	C	T	17:49863303:C:T	2.1025e-01	3.1947e-02	4.665e-11	22098	2733075	19295	3.084e-02	2.3145e-01	rs77534576	4.2729e-02	1.386e-02	2.05e-03	109005	2040000	95946	3.078e-02	8.9323e-02	rs77534576	2	6.9265e-02	1.2715e-02	5.107e-08	1.505e-06
19	4719431	G	A	19:4719431:G:A	1.1056e-01	1.1633e-02	2.012e-21	23413	2800406	20562	3.075e-01	1.275e-02	rs2109069	3.8017e-02	5.194e-03	2.489e-13	109129	2108570	96565	3.077e-01	1.7942e-06	rs2109069	2	5.0075e-02	4.7427e-03	4.654e-26	1.24e-08
19	10355447	C	T	19:10355447:C:T	8.701e-02	1.1737e-02	1.231e-13	23364	2828336	20502	2.734e-01	1.5871e-05	rs11085727	2.2891e-02	5.2151e-03	1.137e-05	113892	2131688	100543	2.696e-01	1.1572e-05	rs11085727	2	3.3463e-02	4.7658e-03	2.196e-12	5.965e-07
19	48867352	G	T	19:48867352:G:T	-4.0975e-02	1.4202e-02	3.913e-03	23702	2833814	20851	1.75e-01	3.6757e-01	rs4801778	-4.2769e-02	6.2437e-03	7.386e-12	114230	2137166	100892	1.747e-01	3.7953e-01	rs4801778	2	-4.2478e-02	5.7157e-03	1.071e-13	9.079e-01
19	50379362	T	C	19:50379362:T:C	7.2116e-02	1.0968e-02	4.865e-11	23988	2834885	21071	3.341e-01	4.3676e-01	rs1405655	2.0705e-02	4.8806e-03	2.212e-05	114516	2138237	101113	3.33e-01	1.8383e-01	rs1405655	2	2.9202e-02	4.4591e-03	5.792e-11	1.848e-05
21	33242905	T	C	21:33242905:T:C	-1.0912e-01	1.1146e-02	1.247e-22	23793	2833659	20920	6.58e-01	2.7667e-01	rs13050728	-2.4679e-02	4.9668e-03	6.74e-07	114321	2137011	100962	6.567e-01	1.8461e-05	rs13050728	2	-3.8669e-02	4.5367e-03	1.549e-17	4.518e-12
23	15602217	T	C	23:15602217:T:C	-4.0873e-01	1.1757e-01	5.083e-04	12521	2053940	11134	2.768e-03	9.1414e-01	rs190509934	-3.8417e-01	4.6879e-02	2.507e-16	81368	1365440	70696	3.047e-03	5.8479e-01	rs190509934	2	-3.8754e-01	4.3545e-02	5.599e-19	8.461e-01
